run,f1,std,acc,std
2-shot,0.34985553881882675,0.005335895422941192,0.5794910556815319,0.004200889896833733
